epoch,time,train/loss,metrics/accuracy_top1,metrics/accuracy_top5,val/loss,lr/pg0,lr/pg1,lr/pg2
1,8.00909,1.83151,0.90138,0.99618,0.51868,0.000220969,0.000220969,0.000220969
2,13.8063,0.52269,0.96865,0.99847,0.10225,0.000437451,0.000437451,0.000437451
3,19.0569,0.33982,0.98394,1,0.05499,0.000648063,0.000648063,0.000648063
4,24.2523,0.28918,0.99388,1,0.03051,0.000640587,0.000640587,0.000640587
5,29.5107,0.21961,0.99083,0.99924,0.03234,0.000631782,0.000631782,0.000631782
6,34.7841,0.21579,0.99083,0.99924,0.03164,0.000622978,0.000622978,0.000622978
7,40.0004,0.20364,0.99541,1,0.01977,0.000614174,0.000614174,0.000614174
8,45.2914,0.17109,0.99235,0.99924,0.02732,0.000605369,0.000605369,0.000605369
9,50.5923,0.168,0.99847,0.99924,0.00867,0.000596565,0.000596565,0.000596565
10,55.8347,0.14646,0.99694,0.99924,0.01351,0.00058776,0.00058776,0.00058776
11,61.1062,0.14655,0.99771,1,0.00969,0.000578956,0.000578956,0.000578956
12,66.4565,0.14004,0.99771,1,0.00933,0.000570152,0.000570152,0.000570152
13,71.7014,0.13041,0.99924,1,0.00698,0.000561347,0.000561347,0.000561347
14,76.98,0.12968,0.99771,0.99924,0.00804,0.000552543,0.000552543,0.000552543
15,82.234,0.13286,0.99924,1,0.00521,0.000543738,0.000543738,0.000543738
16,87.5722,0.13035,0.99847,1,0.00414,0.000534934,0.000534934,0.000534934
17,92.9465,0.11917,0.99847,1,0.00522,0.00052613,0.00052613,0.00052613
18,98.2274,0.12846,0.99924,1,0.0064,0.000517325,0.000517325,0.000517325
19,103.549,0.11528,0.99847,0.99924,0.00912,0.000508521,0.000508521,0.000508521
20,108.939,0.11068,0.99847,0.99924,0.00469,0.000499716,0.000499716,0.000499716
21,114.26,0.10911,0.99847,0.99924,0.00826,0.000490912,0.000490912,0.000490912
22,119.611,0.10641,0.99847,1,0.00518,0.000482108,0.000482108,0.000482108
23,124.993,0.09765,0.99847,0.99924,0.00477,0.000473303,0.000473303,0.000473303
24,130.434,0.09676,0.99924,1,0.00385,0.000464499,0.000464499,0.000464499
25,135.836,0.10225,0.99847,1,0.00387,0.000455694,0.000455694,0.000455694
26,141.155,0.10322,0.99847,1,0.00356,0.00044689,0.00044689,0.00044689
27,146.528,0.10369,1,1,0.00195,0.000438086,0.000438086,0.000438086
28,151.923,0.10832,0.99924,1,0.00236,0.000429281,0.000429281,0.000429281
29,157.285,0.10121,0.99924,1,0.00248,0.000420477,0.000420477,0.000420477
30,162.642,0.08753,1,1,0.00082,0.000411672,0.000411672,0.000411672
31,168.051,0.09268,1,1,0.00058,0.000402868,0.000402868,0.000402868
32,173.39,0.09345,0.99847,1,0.00364,0.000394064,0.000394064,0.000394064
33,178.693,0.07015,0.99924,1,0.00221,0.000385259,0.000385259,0.000385259
34,184.001,0.09678,0.99847,0.99924,0.00409,0.000376455,0.000376455,0.000376455
35,189.323,0.0813,0.99924,1,0.00248,0.00036765,0.00036765,0.00036765
36,194.611,0.06755,0.99924,1,0.00235,0.000358846,0.000358846,0.000358846
37,199.827,0.08443,0.99924,0.99924,0.0046,0.000350042,0.000350042,0.000350042
38,205.291,0.07796,0.99924,0.99924,0.00533,0.000341237,0.000341237,0.000341237
39,210.742,0.07288,0.99924,1,0.00236,0.000332433,0.000332433,0.000332433
40,216.016,0.08538,0.99924,0.99924,0.00422,0.000323628,0.000323628,0.000323628
41,221.261,0.0758,0.99924,0.99924,0.00371,0.000314824,0.000314824,0.000314824
42,226.497,0.07306,0.99924,1,0.00214,0.00030602,0.00030602,0.00030602
43,231.712,0.08465,0.99924,0.99924,0.00392,0.000297215,0.000297215,0.000297215
44,237.01,0.06704,0.99924,0.99924,0.00376,0.000288411,0.000288411,0.000288411
45,242.31,0.07335,0.99924,0.99924,0.00462,0.000279606,0.000279606,0.000279606
46,247.594,0.06901,0.99924,1,0.00327,0.000270802,0.000270802,0.000270802
47,252.867,0.06561,0.99847,1,0.00468,0.000261998,0.000261998,0.000261998
48,258.186,0.06042,0.99847,1,0.00599,0.000253193,0.000253193,0.000253193
49,263.482,0.06674,0.99924,0.99924,0.00299,0.000244389,0.000244389,0.000244389
50,268.835,0.06553,0.99924,1,0.00263,0.000235584,0.000235584,0.000235584
51,274.191,0.06559,0.99924,1,0.00303,0.00022678,0.00022678,0.00022678
52,279.466,0.06065,0.99924,1,0.00261,0.000217976,0.000217976,0.000217976
53,284.738,0.06011,0.99924,1,0.00164,0.000209171,0.000209171,0.000209171
54,290.041,0.05883,0.99924,1,0.00227,0.000200367,0.000200367,0.000200367
55,295.362,0.05416,0.99924,1,0.00279,0.000191562,0.000191562,0.000191562
56,300.658,0.05593,0.99924,1,0.00285,0.000182758,0.000182758,0.000182758
57,306.055,0.05996,0.99924,1,0.00296,0.000173954,0.000173954,0.000173954
58,311.412,0.05602,0.99924,1,0.00233,0.000165149,0.000165149,0.000165149
59,316.717,0.05519,0.99924,1,0.00172,0.000156345,0.000156345,0.000156345
60,321.999,0.04712,0.99924,1,0.00195,0.00014754,0.00014754,0.00014754
61,327.275,0.04684,0.99924,1,0.00119,0.000138736,0.000138736,0.000138736
62,332.591,0.05499,0.99924,1,0.00159,0.000129932,0.000129932,0.000129932
63,337.824,0.0494,0.99924,1,0.0021,0.000121127,0.000121127,0.000121127
64,343.11,0.05275,0.99924,1,0.00185,0.000112323,0.000112323,0.000112323
65,348.385,0.05244,0.99924,1,0.00144,0.000103518,0.000103518,0.000103518
66,379.491,0.0513,0.99924,1,0.00158,9.4714e-05,9.4714e-05,9.4714e-05
67,385.099,0.04333,0.99924,1,0.0027,8.59096e-05,8.59096e-05,8.59096e-05
68,390.354,0.04783,0.99924,1,0.00256,7.71052e-05,7.71052e-05,7.71052e-05
69,395.619,0.03849,0.99924,1,0.0028,6.83008e-05,6.83008e-05,6.83008e-05
70,400.936,0.04766,0.99924,1,0.00295,5.94964e-05,5.94964e-05,5.94964e-05
71,406.206,0.0458,0.99924,1,0.00276,5.0692e-05,5.0692e-05,5.0692e-05
72,411.478,0.05052,0.99924,1,0.0029,4.18876e-05,4.18876e-05,4.18876e-05
73,416.752,0.04862,0.99924,1,0.0027,3.30832e-05,3.30832e-05,3.30832e-05
74,422.069,0.04806,0.99924,1,0.00291,2.42788e-05,2.42788e-05,2.42788e-05
75,427.476,0.04047,0.99924,1,0.00307,1.54744e-05,1.54744e-05,1.54744e-05
